{"cameraMode":{"drawMode":0,"name":"Shaded","section":"Shading Mode"},"sceneLighting":true,"audioPlay":false,"sceneViewState":{"showFog":false,"showMaterialUpdate":false,"showSkybox":false,"showFlares":false,"showImageEffects":false,"showParticleSystems":true},"in2DMode":false,"pivot":{"x":-3.049677610397339,"y":-2.136274576187134,"z":-3.0539212226867677},"rotation":{"x":-0.08717228472232819,"y":0.8995905518531799,"z":-0.21045255661010743,"w":-0.37262260913848879},"size":14.871628761291504,"orthographic":false}