{"cameraMode":{"drawMode":0,"name":"Shaded","section":"Shading Mode"},"sceneLighting":false,"audioPlay":false,"sceneViewState":{"showFog":true,"showMaterialUpdate":false,"showSkybox":false,"showFlares":true,"showImageEffects":true,"showParticleSystems":true},"in2DMode":false,"pivot":{"x":18.055545806884767,"y":11.36843490600586,"z":-7.08113956451416},"rotation":{"x":-0.1514812558889389,"y":0.62015700340271,"z":-0.1236538216471672,"w":-0.7597219347953796},"size":2.8578836917877199,"orthographic":false}