{"cameraMode":{"drawMode":0,"name":"Shaded","section":"Shading Mode"},"sceneLighting":false,"audioPlay":false,"sceneViewState":{"showFog":true,"showMaterialUpdate":false,"showSkybox":false,"showFlares":true,"showImageEffects":true,"showParticleSystems":true},"in2DMode":false,"pivot":{"x":0.0,"y":1.917940378189087,"z":-2.2400002479553224},"rotation":{"x":-0.2523958683013916,"y":0.20620010793209077,"z":-0.055139146745204929,"w":-0.9437985420227051},"size":40.83509826660156,"orthographic":false}