{"cameraMode":{"drawMode":0,"name":"Shaded","section":"Shading Mode"},"sceneLighting":true,"audioPlay":false,"sceneViewState":{"showFog":true,"showMaterialUpdate":false,"showSkybox":true,"showFlares":true,"showImageEffects":true,"showParticleSystems":true},"in2DMode":false,"pivot":{"x":12.59909439086914,"y":9.622777938842774,"z":-9.545445442199707},"rotation":{"x":-0.2681768536567688,"y":0.5119843482971191,"z":-0.17211595177650453,"w":-0.7977144718170166},"size":4.344106197357178,"orthographic":false}